"","x_","y_","t_","burst_"
"1",4314068.24238362,3445807.10974316,2008-03-30 00:01:47,1
"2",4314052.68981354,3445768.33516495,2008-03-30 06:00:54,1
"3",4314104.9802678,3445858.58335646,2008-03-30 12:01:47,1
"4",4314043.92959216,3445785.45620181,2008-03-30 18:01:24,1
"5",4313014.67703644,3445857.96984539,2008-03-31 00:01:23,1
"6",4312859.62353622,3445857.1576151,2008-03-31 06:01:45,1
"7",4312853.60896687,3445856.24261008,2008-03-31 12:01:11,1
"8",4312857.6375328,3445858.18547992,2008-03-31 18:01:55,1
"9",4312744.65771248,3445861.77889413,2008-04-01 00:01:24,1
"10",4312650.92728779,3446024.07679161,2008-04-01 06:00:54,1
"11",4312649.01198168,3446030.10290438,2008-04-01 12:01:43,1
"12",4312618.98538391,3446099.51605153,2008-04-01 18:01:42,1
"13",4312663.01819184,3446383.85189599,2008-04-02 06:00:47,2
"14",4312665.11731933,3446390.82122639,2008-04-02 12:02:21,2
"15",4312665.31917772,3446475.80551649,2008-04-02 18:01:47,2
"16",4312009.57567035,3446648.03010161,2008-04-03 00:00:47,2
"17",4311611.61957831,3446446.67331622,2008-04-03 06:01:23,2
"18",4311616.8178912,3446460.5979155,2008-04-03 12:02:11,2
"19",4311593.22236026,3446418.93693286,2008-04-03 18:01:42,2
"20",4311569.92374324,3446398.26861157,2008-04-04 00:01:54,2
"21",4311618.9170107,3446467.56726606,2008-04-04 06:01:12,2
"22",4311625.8751144,3446464.46959753,2008-04-04 12:01:54,2
"23",4311600.29357289,3446423.83647203,2008-04-04 18:01:21,2
"24",4311633.39876841,3446501.35795637,2008-04-05 00:02:11,2
"25",4311602.76029666,3446456.79674415,2008-04-05 06:00:56,2
"26",4311609.91634219,3446467.69418676,2008-04-05 12:02:39,2
"27",4311650.0182839,3446474.12764655,2008-04-05 18:01:51,2
"28",4311592.75955383,3446456.93776618,2008-04-06 00:00:47,2
"29",4311584.37345418,3446359.07069503,2008-04-06 06:00:56,2
"30",4311579.11859105,3446341.14748727,2008-04-06 12:01:10,2
"31",4311650.66488918,3446449.12227669,2008-04-06 18:02:12,2
"32",4311605.91604504,3446467.75059583,2008-04-07 00:02:24,2
"33",4311613.59144946,3446444.64581014,2008-04-07 06:00:47,2
"34",4311602.49166217,3446437.80337914,2008-04-07 12:00:53,2
"35",4311620.67680125,3446450.54499876,2008-04-07 18:01:45,2
"36",4311513.11369614,3446342.07820537,2008-04-08 00:00:55,2
"37",4311521.91642708,3446327.9561752,2008-04-08 06:01:48,2
"38",4311619.80397528,3446459.55595784,2008-04-08 12:00:55,2
"39",4311586.25388732,3446492.02425831,2008-04-08 18:00:54,2
"40",4311535.87597047,3446607.71739935,2008-04-09 00:00:50,2
"41",4311626.0626983,3446548.45435534,2008-04-09 06:00:55,2
"42",4311644.93308009,3446468.20025477,2008-04-09 12:01:57,2
"43",4311611.03989414,3446405.68763293,2008-04-09 18:01:47,2
"44",4311617.55594139,3446300.61146865,2008-04-10 00:00:49,2
"45",4311630.01679879,3446474.40969521,2008-04-10 06:01:24,2
"46",4311637.83358919,3446461.30141683,2008-04-10 12:01:52,2
"47",4311638.7384716,3446525.27905923,2008-04-10 18:00:48,2
"48",4311719.19307009,3446485.15037054,2008-04-11 00:00:26,2
"49",4311629.94610509,3446469.41144167,2008-04-11 06:01:47,2
"50",4311622.14345324,3446483.51937053,2008-04-11 12:01:23,2
"51",4311586.91463327,3446468.01853785,2008-04-11 18:02:51,2
"52",4311679.8442834,3446602.68769335,2008-04-12 00:01:54,2
"53",4311531.90303042,3446326.81550734,2008-04-12 06:01:49,2
"54",4311588.41616624,3446362.01323985,2008-04-12 12:00:55,2
"55",4311601.94025634,3446398.81699644,2008-04-12 18:02:23,2
"56",4311704.79614349,3446457.357593,2008-04-13 00:00:43,2
"57",4311532.83241282,3446321.80315017,2008-04-13 06:02:52,2
"58",4311514.2231317,3446279.07198003,2008-04-13 12:00:54,2
"59",4311612.95898116,3446470.65083212,2008-04-13 18:01:54,2
"60",4312069.89764092,3446528.19728143,2008-04-14 00:00:26,2
"61",4313978.67851153,3446900.20650238,2008-04-14 06:00:50,2
"62",4313969.53643367,3446890.3370675,2008-04-14 12:01:27,2
"63",4313971.43757461,3446883.31131342,2008-04-14 18:01:49,2
"64",4313976.56522217,3446892.23755965,2008-04-15 00:01:26,2
"65",4313992.594656,3446894.01102124,2008-04-15 06:00:54,2
"66",4313976.46621959,3446885.24003442,2008-04-15 12:00:53,2
"67",4313964.22492482,3446868.41541643,2008-04-15 18:00:50,2
"68",4313976.56522217,3446892.23755965,2008-04-16 00:00:25,2
"69",4313985.79215972,3446908.10487258,2008-04-16 06:01:49,2
"70",4313977.7067263,3446902.21990969,2008-04-16 12:02:22,2
"71",4313972.56493528,3446892.29401727,2008-04-16 18:01:42,2
"72",4313936.4774933,3446886.80425326,2008-04-17 00:01:18,2
"73",4313978.6360818,3446897.20756305,2008-04-17 06:00:53,2
"74",4313983.53743768,3446890.13946572,2008-04-17 12:00:54,2
"75",4313992.39665052,3446880.01597108,2008-04-17 18:00:53,2
"76",4314131.91144416,3445853.20404971,2008-04-18 00:01:42,2
"77",4314129.99615557,3445859.2301644,2008-04-18 06:01:18,2
"78",4314136.98250243,3445858.13172078,2008-04-18 12:01:47,2
"79",4314146.14484074,3445728.02223343,2008-04-18 18:02:15,2
"80",4314131.08107649,3445865.21393805,2008-04-19 00:00:53,2
"81",4314877.62155595,3445535.72581443,2008-04-19 06:01:50,2
"82",4315219.27901754,3444798.01491792,2008-04-19 12:01:52,2
"83",4315055.68834553,3444759.33041164,2008-04-19 18:02:34,2
"84",4314143.03948871,3445862.04563002,2008-04-20 00:00:26,2
"85",4313976.66422483,3446899.23508479,2008-04-20 06:01:23,2
"86",4314069.84061032,3446909.91817767,2008-04-20 12:03:06,2
"87",4313975.60758014,3446895.25061343,2008-04-20 18:01:47,2
"88",4314026.77092183,3446976.51588391,2008-04-21 00:02:11,2
"89",4314080.75653746,3446903.7650359,2008-04-21 06:02:24,2
"90",4314017.24696981,3446939.65600419,2008-04-21 12:01:42,2
"91",4313992.73608868,3446904.00748543,2008-04-21 18:01:48,2
"92",4314132.01043706,3445860.20158496,2008-04-22 00:01:18,2
"93",4314130.9679417,3445857.21675495,2008-04-22 11:00:54,3
"94",4314105.26310415,3445878.57631477,2008-04-22 18:32:56,4
"95",4313133.98002037,3446089.25153036,2008-04-23 00:33:25,4
"96",4312712.92921433,3446235.17020896,2008-04-23 06:34:23,4
"97",4312723.09325446,3446388.00369619,2008-04-23 15:31:24,5
"98",4312340.99602756,3446671.3514349,2008-04-23 21:31:56,5
"99",4311648.5233535,3446439.15397432,2008-04-24 03:32:48,5
"100",4311629.01672452,3446474.4237976,2008-04-24 09:33:42,5
"101",4311578.24576305,3446350.15844815,2008-04-24 15:35:11,5
"102",4311626.05891792,3446477.46505684,2008-04-24 21:35:55,5
"103",4311565.82072066,3446320.33814049,2008-04-25 03:36:42,5
"104",4311603.81692565,3446460.78124501,2008-04-25 09:38:23,5
"105",4311579.95276251,3446400.12689329,2008-04-25 15:42:26,5
"106",4312361.43196484,3446631.06923254,2008-04-25 21:43:24,5
"107",4312673.01891897,3446383.7108229,2008-04-26 03:44:14,5
"108",4312668.35403604,3446336.78373407,2008-04-26 09:46:12,5
"109",4312677.46393065,3446273.66474938,2008-04-26 15:46:56,5
"110",4312670.61266271,3445647.8556608,2008-04-26 21:47:26,5
"111",4313269.86487805,3445866.36787724,2008-04-27 03:48:54,5
"112",4312654.23857809,3446046.0267686,2008-04-27 12:00:53,6
"113",4312657.29535362,3446049.98304768,2008-04-27 18:01:42,6
"114",4312574.19790754,3447953.86575076,2008-04-28 00:00:42,6
"115",4311648.89096074,3446465.14489287,2008-04-28 06:00:53,6
"116",4311573.27366927,3446352.22825985,2008-04-28 12:00:48,6
"117",4311626.17202792,3446485.46226244,2008-04-28 18:02:02,6
"118",4311599.85151634,3446321.8579766,2008-04-29 00:00:53,6
"119",4311627.94595656,3446469.43964642,2008-04-29 06:00:53,6
"120",4311606.46368186,3446435.7476687,2008-04-29 12:01:23,6
"121",4311630.7765146,3446457.40153062,2008-04-29 18:01:48,6
"122",4312345.26253354,3446902.25627625,2008-04-30 00:00:50,6
"123",4311629.04500201,3446476.42309901,2008-04-30 06:00:53,6
"124",4311607.0254588,3446404.74439082,2008-04-30 12:01:42,6
"125",4311630.05921503,3446477.40864732,2008-04-30 18:01:46,6
"126",4313453.46392906,3445763.79263769,2008-05-03 00:01:15,7
"127",4314131.93972784,3445855.20334551,2008-05-03 06:00:55,7
"128",4314121.82190032,3445776.35817835,2008-05-03 12:01:18,7
"129",4314121.49664169,3445753.36627302,2008-05-03 18:01:53,7
"130",4314008.7959,3445705.96418467,2008-05-04 00:00:44,7
"131",4314101.9053561,3445782.63833576,2008-05-04 06:01:33,7
"132",4314136.99664428,3445859.13136867,2008-05-04 12:00:56,7
"133",4314105.01471226,3445719.60405147,2008-05-04 18:01:36,7
"134",4313928.55387716,3445761.08832347,2008-05-05 00:00:25,7
"135",4314122.69469478,3445767.34723244,2008-05-05 06:01:11,7
"136",4314136.1238512,3445868.14231324,2008-05-05 12:00:49,7
"137",4314143.21534027,3445733.06281445,2008-05-05 18:01:51,7
"138",4314362.88510471,3445846.94472243,2008-05-06 00:01:24,7
"139",4314063.7794184,3445845.16693535,2008-05-06 06:00:49,7
"140",4314154.30095587,3445738.90545354,2008-05-06 12:01:11,7
"141",4314122.49671135,3445753.35215955,2008-05-06 18:01:53,7
"142",4313997.52644672,3445687.12610688,2008-05-07 00:00:54,7
"143",4314083.78081595,3445844.88466803,2008-05-07 06:00:55,7
"144",4314102.46088023,3445892.61372594,2008-05-07 12:00:45,7
"145",4314133.01050687,3445860.18747129,2008-05-07 18:00:56,7
"146",4313842.37421055,3445679.31704142,2008-05-08 00:00:26,7
"147",4314066.79376979,3445846.12424339,2008-05-08 06:01:14,7
"148",4314170.67375353,3445835.65959977,2008-05-08 12:01:18,7
"149",4314120.52485535,3445755.37968264,2008-05-08 18:00:53,7
"150",4314585.5409888,3445464.86002122,2008-05-09 00:00:43,7
"151",4314886.46660189,3445524.60264316,2008-05-09 06:01:53,7
"152",4314882.48047163,3445525.65875776,2008-05-09 12:00:55,7
"153",4314464.15275344,3445722.53423334,2008-05-10 00:00:49,8
"154",4314126.80810708,3445775.28796275,2008-05-10 06:00:54,8
"155",4314160.66905816,3445764.81162032,2008-05-10 12:00:54,8
"156",4314128.2284378,3445734.27416511,2008-05-10 18:01:48,8
"157",4313160.69223227,3446704.78105253,2008-05-11 00:00:43,8
"158",4311624.17187933,3446485.49046719,2008-05-11 06:01:41,8
"159",4311606.81338001,3446389.74962785,2008-05-11 12:00:47,8
"160",4311629.04500201,3446476.42309901,2008-05-11 18:00:50,8
"161",4311679.55116227,3446652.68431532,2008-05-12 00:00:54,8
"162",4311611.9871843,3446472.66423589,2008-05-12 06:01:41,8
"163",4311562.38596117,3446360.38058885,2008-05-12 12:01:11,8
"164",4311615.02982332,3446475.62088117,2008-05-12 18:02:09,8
"165",4312357.78662485,3446939.07400694,2008-05-13 00:00:44,8
"166",4312713.07061573,3446245.16670345,2008-05-13 06:01:11,8
"167",4312692.83654861,3446370.43323493,2008-05-13 12:01:42,8
"168",4312708.09216464,3446388.21530939,2008-05-13 18:01:17,8
"169",4313744.92024316,3446497.56773739,2008-05-14 00:00:43,8
"170",4312659.33791725,3446052.95378362,2008-05-14 06:01:24,8
"171",4312662.19673626,3446042.91496485,2008-05-14 12:00:43,8
"172",4312688.16778545,3446252.51693149,2008-05-14 18:01:12,8
"173",4312268.41873296,3446773.35985848,2008-05-15 00:00:44,8
"174",4311615.0722395,3446478.61983334,2008-05-15 06:01:54,8
"175",4311584.64208576,3446378.06406299,2008-05-15 12:00:54,8
"176",4311619.01598175,3446474.56482116,2008-05-15 18:01:18,8
"177",4311823.66726083,3447294.55473341,2008-05-16 00:00:55,8
"178",4311810.75112322,3447300.73598591,2008-05-16 06:02:16,8
"179",4311803.95881506,3447244.84026015,2008-05-16 12:00:55,8
"180",4311815.68079836,3447295.66721824,2008-05-16 18:01:24,8
"181",4311856.85507248,3447590.04174501,2008-05-17 00:04:55,8
"182",4312617.91837054,3447933.25200946,2008-05-17 06:06:12,8
"183",4312586.46752265,3447972.68973131,2008-05-17 12:06:49,8
"184",4311925.42822414,3447417.10071574,2008-05-17 18:07:54,8
"185",4311511.00135365,3446617.06680662,2008-05-18 00:08:41,8
"186",4311610.71847479,3446453.68497388,2008-05-18 06:09:26,8
"187",4311613.05795218,3446477.64838724,2008-05-18 12:10:42,8
"188",4311613.76111363,3446456.64161936,2008-05-18 18:12:23,8
"189",4311669.47592547,3446576.83780927,2008-05-19 00:13:23,8
"190",4311621.90309479,3446466.52530835,2008-05-19 06:15:23,8
"191",4311569.66925001,3446380.27489476,2008-05-19 12:16:52,8
"192",4311598.91552497,3446467.84931151,2008-05-19 18:18:23,8
"193",4311801.90463551,3447028.90189192,2008-05-20 00:18:56,8
"194",4311818.65274374,3447293.62560669,2008-05-20 06:21:50,8
"195",4311806.6235588,3447291.79556164,2008-05-20 12:22:44,8
"196",4311813.87861249,3447309.69051432,2008-05-20 18:24:53,8
"197",4312570.50147211,3446844.0874135,2008-05-21 00:25:25,8
"198",4313976.56522217,3446892.23755965,2008-05-21 06:26:26,8
"199",4314010.31308089,3446873.76403117,2008-05-21 12:27:47,8
"200",4313976.64004054,3446968.22480006,2008-05-21 18:29:23,8
"201",4313932.60859152,3446966.84654171,2008-05-22 00:29:56,8
"202",4313966.52207527,3446889.37976414,2008-05-22 06:31:46,8
"203",4314030.76299791,3446834.48141357,2008-05-22 12:33:42,8
"204",4314047.58445392,3446892.23507025,2008-05-22 18:35:42,8
"205",4314655.31496878,3447073.62735104,2008-05-23 00:37:17,8
"206",4314653.27239282,3447070.65665166,2008-05-23 06:38:19,8
"207",4314660.85021929,3446828.58719123,2008-05-23 12:39:17,8
"208",4314633.54967074,3447019.94298775,2008-05-23 18:40:52,8
"209",4314955.17485402,3449037.08463531,2008-05-24 00:41:54,8
"210",4315091.59783876,3449771.0406896,2008-05-24 06:42:26,8
"211",4314953.53997955,3449910.96835169,2008-05-24 12:43:18,8
"212",4315047.84469446,3449718.66709384,2008-05-24 18:43:55,8
"213",4316411.50667395,3450092.34008271,2008-05-25 00:44:53,8
"214",4318008.92986416,3450444.70014885,2008-05-25 06:45:42,8
"215",4318156.21850273,3450391.62611073,2008-05-25 12:47:12,8
"216",4318077.26451812,3450325.75352872,2008-05-25 18:50:13,8
"217",4318284.45411003,3450405.81027417,2008-05-26 00:50:56,8
"218",4318334.12707762,3450311.12350112,2008-05-26 06:52:24,8
"219",4318318.5506188,3450341.33877402,2008-05-26 12:54:16,8
"220",4318378.44663221,3450403.48138329,2008-05-26 18:56:47,8
"221",4318160.22377498,3450462.55770864,2008-05-27 00:58:04,8
"222",4318152.92101983,3450370.67621405,2008-05-27 06:59:47,8
"223",4318118.89450483,3450228.1809847,2008-05-27 14:00:56,9
"224",4318370.73833422,3450353.5986821,2008-05-27 20:00:41,9
"225",4318193.73991616,3450357.10122244,2008-05-28 02:00:06,9
"226",4318124.40942315,3450335.08530224,2008-05-28 08:01:02,9
"227",4318054.23456684,3450324.07947071,2008-05-28 14:00:49,9
"228",4318113.48439272,3450411.22718189,2008-05-28 20:00:54,9
"229",4318381.21951305,3450175.48000055,2008-05-29 02:00:43,9
"230",4318382.7391849,3450353.42898796,2008-05-29 08:01:23,9
"231",4318237.3417045,3450257.50112582,2008-05-29 14:00:55,9
"232",4318109.87548731,3450368.28533102,2008-05-29 20:01:17,9
"233",4318240.91397931,3450580.39703102,2008-05-30 02:00:57,9
"234",4318201.77966249,3450712.92844146,2008-05-30 08:01:23,9
"235",4318211.73791107,3450709.78813206,2008-05-30 14:00:47,9
"236",4317970.01623997,3450310.27265648,2008-05-30 20:00:49,9
"237",4317976.17237657,3450321.18380174,2008-05-31 02:00:23,9
"238",4318065.2495069,3450324.92356986,2008-05-31 08:01:17,9
"239",4318184.0031823,3450305.24750744,2008-05-31 14:00:31,9
"240",4318190.2959017,3450255.1668136,2008-05-31 20:01:23,9
"241",4318322.36608211,3450116.32211055,2008-06-01 02:01:18,9
"242",4318112.79499088,3450221.2683816,2008-06-01 08:01:41,9
"243",4318065.0188055,3450449.90613423,2008-06-01 14:01:08,9
"244",4318002.16007852,3450319.81654769,2008-06-01 20:00:53,9
"245",4317435.07639726,3450112.86866989,2008-06-02 02:01:12,9
"246",4317490.45277953,3449997.10478912,2008-06-02 08:00:42,9
"247",4317479.32460581,3449988.26356481,2008-06-02 14:00:34,9
"248",4317462.78561215,3449950.5035776,2008-06-02 20:00:54,9
"249",4317466.28121237,3449985.44842716,2008-06-03 02:00:53,9
"250",4317954.31600681,3449978.54941455,2008-06-03 08:00:23,9
"251",4318160.53520319,3450484.54965629,2008-06-03 14:00:54,9
"252",4318043.01304315,3450591.1938955,2008-06-03 20:02:12,9
"253",4318269.89688199,3450507.99917752,2008-06-04 02:01:12,9
"254",4318193.98641159,3450657.04794685,2008-06-04 08:00:49,9
"255",4318046.35299887,3450615.14269074,2008-06-04 14:01:00,9
"256",4317961.84156419,3450439.36689378,2008-06-04 20:00:52,9
"257",4318367.53078782,3450409.63473944,2008-06-05 02:01:24,9
"258",4318236.28501114,3450253.51672928,2008-06-05 08:00:47,9
"259",4318229.2986701,3450254.61534571,2008-06-05 14:00:55,9
"260",4318162.02495883,3450236.56968191,2008-06-05 20:00:47,9
"261",4317910.66804272,3450428.09237616,2008-06-06 02:00:53,9
"262",4317997.76916317,3450574.83640652,2008-06-06 08:00:38,9
"263",4317972.77157518,3450434.21318989,2008-06-06 14:00:57,9
"264",4318092.17227438,3450601.49700771,2008-06-06 20:00:41,9
"265",4318274.2693721,3450392.95644097,2008-06-07 02:00:36,9
"266",4318210.22654392,3450249.88583916,2008-06-07 08:00:54,9
"267",4318304.15825737,3450384.53514567,2008-06-07 14:00:43,9
"268",4318261.8621866,3450223.16005283,2008-06-07 20:00:53,9
"269",4317909.65687633,3449862.20003661,2008-06-08 02:00:42,9
"270",4318004.22109991,3450182.81005024,2008-06-08 08:00:26,9
"271",4318185.6119456,3450348.21763724,2008-06-08 14:00:39,9
"272",4318145.98632354,3450304.78519538,2008-06-08 20:01:24,9
"273",4318024.31240214,3450259.51327266,2008-06-09 02:00:57,9
"274",4318115.5970294,3450207.2310798,2008-06-09 08:01:11,9
"275",4317907.31394462,3450403.14393089,2008-06-09 14:01:53,9
"276",4318031.60096592,3450350.39517366,2008-06-09 20:00:41,9
"277",4318025.18083895,3450391.47915908,2008-06-10 04:01:41,10
"278",4317907.24316816,3450398.14575833,2008-06-10 10:03:21,10
"279",4317925.23030295,3450396.89162236,2008-06-10 16:05:17,10
"280",4316902.68436463,3450307.36282655,2008-06-10 22:05:56,10
"281",4316276.58166651,3449888.27995659,2008-06-11 04:07:38,10
"282",4316275.52498612,3449884.29553481,2008-06-11 10:08:54,10
"283",4315540.0040881,3449649.7258174,2008-06-11 22:12:56,11
"284",4315602.57008872,3449617.84703904,2008-06-12 04:14:18,11
"285",4315606.64573299,3449693.77725478,2008-06-12 10:15:14,11
"286",4315571.22819478,3449594.29360556,2008-06-12 16:16:17,11
"287",4315523.64047865,3449271.01770041,2008-06-12 22:17:14,11
"288",4315040.26012526,3449394.82595848,2008-06-13 04:18:11,11
"289",4314949.03537055,3449734.06029039,2008-06-13 10:18:55,11
"290",4314957.97944799,3449729.93461898,2008-06-13 16:19:50,11
"291",4314101.33999082,3449560.05938926,2008-06-13 22:20:26,11
"292",4314865.63296427,3449707.24257741,2008-06-14 04:22:41,11
"293",4314894.686642,3449851.80910421,2008-06-14 10:23:25,11
"294",4314959.34688783,3449967.87721103,2008-06-14 18:00:55,12
"295",4314257.19176744,3449475.87203825,2008-06-15 00:00:48,12
"296",4314982.96264477,3449657.59330653,2008-06-15 06:00:53,12
"297",4314987.04783973,3449663.53465515,2008-06-15 12:00:41,12
"298",4315005.03051406,3449591.29220086,2008-06-15 18:01:24,12
"299",4314304.33151147,3449626.18253723,2008-06-16 00:00:41,12
"300",4314994.00591553,3449660.43687003,2008-06-16 06:01:49,12
"301",4314965.76780746,3449714.82702732,2008-06-16 12:00:41,12
"302",4314998.25582427,3449819.35141868,2008-06-16 18:00:53,12
"303",4315205.04036999,3449729.44491595,2008-06-17 00:00:48,12
"304",4314985.92042138,3449654.5520152,2008-06-17 06:00:53,12
"305",4314989.10458655,3449667.50496973,2008-06-17 12:01:14,12
"306",4314785.48096331,3449627.3873756,2008-06-17 18:00:44,12
"307",4314313.97413206,3449530.06162802,2008-06-18 00:00:18,12
"308",4314866.25552887,3449751.22675703,2008-06-18 06:00:54,12
"309",4314952.53990428,3449910.98247531,2008-06-18 12:00:42,12
"310",4314976.6311642,3449987.62990423,2008-06-18 18:00:53,12
"311",4314335.98551314,3449459.76195309,2008-06-19 00:00:41,12
"312",4314948.55375278,3449912.03860973,2008-06-19 06:00:53,12
"313",4314884.99717697,3449873.94242069,2008-06-19 12:00:47,12
"314",4315011.92183187,3449866.15089165,2008-06-19 18:00:53,12
"315",4314276.99520889,3449461.59466125,2008-06-20 00:00:55,12
"316",4314860.51939577,3449699.3160678,2008-06-20 06:01:18,12
"317",4314828.99355305,3449662.76717218,2008-06-20 12:00:41,12
"318",4314898.39490424,3449689.78263197,2008-06-20 18:00:53,12
"319",4315052.11952712,3449384.66007159,2008-06-21 04:02:12,13
"320",4315023.45125078,3449762.00471511,2008-06-21 10:02:54,13
"321",4315043.18845231,3449813.71764696,2008-06-21 16:03:55,13
"322",4315150.9468938,3449653.22122759,2008-06-21 22:04:47,13
"323",4315052.23271881,3449392.6571973,2008-06-22 04:05:26,13
"324",4314993.23222966,3449676.44523903,2008-06-22 10:06:23,13
"325",4314161.14647454,3449545.21726056,2008-06-23 00:00:53,14
"326",4314919.74058678,3449784.46600386,2008-06-23 06:00:50,14
"327",4314960.21961568,3449958.86632806,2008-06-23 12:00:47,14
"328",4315029.4795081,3449975.88529609,2008-06-23 18:01:12,14
"329",4314231.26496023,3449552.22603999,2008-06-24 00:00:39,14
"330",4314868.07173923,3449738.20318569,2008-06-24 06:00:41,14
"331",4314944.45440436,3449905.09762386,2008-06-24 12:01:18,14
"332",4314994.25047608,3449960.38539848,2008-06-24 18:00:51,14
"333",4314234.31735914,3449485.1935631,2008-06-25 00:00:12,14
"334",4314945.49692847,3449908.08242039,2008-06-25 06:01:11,14
"335",4315047.7734456,3449925.63494765,2008-06-25 12:00:42,14
"336",4315082.15348292,3449881.15644885,2008-06-25 18:00:53,14
"337",4315031.96830953,3449021.00258055,2008-06-26 00:00:54,14
"338",4314924.80779565,3449506.43883849,2008-06-26 06:00:42,14
"339",4314822.05477714,3449525.88700475,2008-06-26 12:01:08,14
"340",4314995.07673684,3449665.42094834,2008-06-26 18:00:57,14
"341",4314318.79058629,3449516.99568719,2008-06-27 00:00:47,14
"342",4314805.68644065,3449288.15602203,2008-06-27 06:00:54,14
"343",4314760.68754865,3449359.78015815,2008-06-27 12:01:06,14
"344",4314756.72001482,3449432.82457226,2008-06-27 18:01:27,14
"345",4314276.5346527,3449075.66220745,2008-06-28 00:00:11,14
"346",4314764.61264488,3449283.7368122,2008-06-28 06:00:53,14
"347",4314677.35070882,3449478.93816564,2008-06-28 12:01:18,14
"348",4314698.4796194,3449487.63838049,2008-06-28 18:00:53,14
"349",4314141.39520762,3449492.50450251,2008-06-29 00:00:17,14
"350",4315017.38005372,3449757.09125669,2008-06-29 06:00:48,14
"351",4314963.31940783,3449753.85536862,2008-06-29 12:00:53,14
"352",4314948.25715929,3449679.08007092,2008-06-29 18:00:52,14
"353",4314131.48030316,3449286.67705432,2008-06-30 00:00:41,14
"354",4314710.3531817,3449478.47214944,2008-06-30 06:00:42,14
"355",4314962.06411955,3449947.84204141,2008-06-30 12:01:23,14
"356",4314966.74360868,3449995.76826128,2008-06-30 18:00:53,14
"357",4314437.73500425,3449157.37303302,2008-07-01 00:00:42,14
"358",4314964.90869884,3449936.80363089,2008-07-01 06:00:55,14
"359",4314952.70969992,3449922.97815533,2008-07-01 12:00:55,14
"360",4314948.5679024,3449913.03824974,2008-07-01 18:01:51,14
"361",4314350.27396031,3449550.54578091,2008-07-02 00:00:10,14
"362",4314776.48620395,3449274.57057876,2008-07-02 06:00:28,14
"363",4314925.90691292,3449513.42220059,2008-07-02 12:00:47,14
"364",4315136.19541955,3449812.40410154,2008-07-02 18:00:42,14
"365",4316725.123911,3449070.07359655,2008-07-03 00:00:47,14
"366",4317339.75750967,3449668.28899706,2008-07-03 06:00:54,14
"367",4317316.74171515,3449667.61446451,2008-07-03 12:00:38,14
"368",4317315.40196895,3449643.63731886,2008-07-03 18:00:48,14
"369",4317259.93156117,3450035.35740041,2008-07-04 00:00:38,14
"370",4318132.99037235,3450375.957186,2008-07-04 06:00:48,14
"371",4318134.97635933,3450374.92927178,2008-07-04 12:01:22,14
"372",4318068.05154492,3450310.8862696,2008-07-04 18:00:49,14
"373",4317950.50407837,3449850.62438078,2008-07-05 00:00:53,14
"374",4318113.75259593,3450218.25533849,2008-07-05 06:00:47,14
"375",4318112.58266092,3450206.27386427,2008-07-05 12:01:23,14
"376",4318115.63949538,3450210.22998328,2008-07-05 18:00:53,14
"377",4318072.24081968,3450394.81313422,2008-07-06 00:01:01,14
"378",4318125.43780549,3450337.07043087,2008-07-06 06:00:47,14
"379",4318187.49884264,3450340.19228356,2008-07-06 12:00:52,14
"380",4318171.61516123,3450207.43888528,2008-07-06 18:01:01,14
"381",4317192.11102325,3450261.27910402,2008-07-07 00:00:48,14
"382",4317464.09706855,3449972.48143243,2008-07-07 06:00:42,14
"383",4317587.94538526,3449888.74424686,2008-07-07 12:00:53,14
"384",4317494.41990288,3449924.06068696,2008-07-07 18:00:45,14
"385",4317173.05266654,3450045.58386903,2008-07-08 00:00:47,14
"386",4317499.44856823,3449925.98927796,2008-07-08 06:00:52,14
"387",4317435.77437521,3450020.87390202,2008-07-08 12:01:01,14
"388",4317415.2540999,3450055.15837816,2008-07-08 18:00:54,14
"389",4316925.77969849,3449607.15063948,2008-07-09 00:00:23,14
"390",4317400.72874518,3449594.43914523,2008-07-09 06:00:24,14
"391",4317404.37520105,3449569.39168766,2008-07-09 12:01:08,14
"392",4317271.46023842,3449719.24613653,2008-07-09 18:00:48,14
"393",4315853.67876759,3449267.35566442,2008-07-10 00:00:39,14
"394",4316073.93041505,3449422.21883107,2008-07-10 06:01:23,14
"395",4316164.78137757,3449409.93709698,2008-07-10 12:01:00,14
"396",4316182.69778045,3449403.68494358,2008-07-10 18:00:48,14
"397",4316131.52917072,3449251.4324706,2008-07-11 00:00:41,14
"398",4316174.35757971,3449379.8066402,2008-07-11 06:01:42,14
"399",4315950.20438231,3449443.96350131,2008-07-11 12:00:54,14
"400",4315967.29052735,3449449.72116245,2008-07-11 18:00:42,14
"401",4315036.61870962,3449278.89586977,2008-07-12 00:00:42,14
"402",4314807.00672432,3449452.11128904,2008-07-12 06:00:47,14
"403",4315034.92408507,3449653.85996272,2008-07-12 12:00:49,14
"404",4315001.80788358,3449858.29500967,2008-07-12 18:00:48,14
"405",4314836.58833943,3449704.6532174,2008-07-13 00:00:41,14
"406",4315009.72358668,3449852.1841792,2008-07-13 06:00:38,14
"407",4315095.89073287,3449720.98806615,2008-07-13 12:00:48,14
"408",4315022.21972639,3449887.00209219,2008-07-13 18:00:53,14
"409",4314881.76602999,3449787.00196502,2008-07-14 00:00:31,14
"410",4314974.56985932,3449912.67103461,2008-07-14 06:01:24,14
"411",4314964.14916846,3449953.81163354,2008-07-14 12:00:47,14
"412",4315011.76618577,3449855.15485162,2008-07-14 18:00:45,14
"413",4314356.62367946,3449504.46342782,2008-07-15 00:00:23,14
"414",4314726.41097437,3449482.24476456,2008-07-15 06:00:47,14
"415",4314669.26521828,3449473.05329146,2008-07-15 12:00:49,14
"416",4314743.67140416,3449570.98686036,2008-07-15 18:00:47,14
"417",4313998.75862703,3449167.56980001,2008-07-16 00:00:16,14
"418",4314675.23737108,3449470.96927959,2008-07-16 06:00:50,14
"419",4314805.90760904,3449445.12792426,2008-07-16 12:00:33,14
"420",4314762.05548318,3449385.7567073,2008-07-16 18:00:47,14
"421",4314765.41464305,3449269.72771161,2008-07-17 04:02:23,15
"422",4314679.32256176,3449476.91064009,2008-07-17 10:03:12,15
"423",4314813.08240119,3449528.0133879,2008-07-17 16:03:56,15
"424",4315006.81008569,3449222.32589999,2008-07-17 22:04:55,15
"425",4315036.99107268,3449375.87515421,2008-07-18 04:05:41,15
"426",4315037.73646671,3449357.86749708,2008-07-18 10:06:54,15
"427",4314805.85998745,3449583.10661202,2008-07-18 18:01:23,16
"428",4315034.49122265,3449269.9273476,2008-07-19 00:01:23,16
"429",4315037.89210457,3449368.86354563,2008-07-19 06:00:54,16
"430",4315081.2773193,3449395.24654033,2008-07-19 12:00:55,16
"431",4314986.3455037,3449472.57506895,2008-07-19 18:01:51,16
"432",4315062.96091106,3449090.5537845,2008-07-20 00:00:48,16
"433",4315024.8758117,3449791.97979496,2008-07-20 06:00:43,16
"434",4314996.31227238,3449823.37822644,2008-07-20 12:00:54,16
"435",4314908.66901368,3449779.62315802,2008-07-20 18:01:12,16
"436",4315266.20293431,3448891.71471129,2008-07-21 00:00:23,16
"437",4315253.3733732,3448479.96126074,2008-07-21 06:00:41,16
"438",4315303.33455193,3448476.25617997,2008-07-21 12:01:11,16
"439",4315332.39324303,3448479.84517147,2008-07-21 18:00:53,16
"440",4316239.34350835,3449306.9001236,2008-07-22 00:00:48,16
"441",4316151.94073133,3449492.10528857,2008-07-22 06:01:24,16
"442",4316026.28068327,3449447.88796694,2008-07-22 12:02:31,16
"443",4315956.20020942,3449372.89021891,2008-07-22 18:00:53,16
"444",4315106.30885659,3448972.96022498,2008-07-23 00:00:47,16
"445",4314814.58296782,3448291.18808783,2008-07-23 06:00:50,16
"446",4314766.92334633,3448386.84606235,2008-07-23 12:00:54,16
"447",4314774.07947365,3448397.74328954,2008-07-23 18:00:44,16
"448",4315459.84802031,3449286.916325,2008-07-24 00:01:29,16
"449",4315584.65366045,3449624.09915014,2008-07-24 06:01:01,16
"450",4315549.69352402,3449627.59248642,2008-07-24 12:01:41,16
"451",4315581.58268776,3449619.14333152,2008-07-24 18:00:56,16
"452",4316438.73554215,3449048.12427269,2008-07-25 00:00:42,16
"453",4316376.67449282,3449045.00174484,2008-07-25 06:00:53,16
"454",4316375.72149735,3449119.0032992,2008-07-25 12:01:51,16
"455",4316378.84444362,3449056.96915627,2008-07-25 18:00:53,16
"456",4316236.30547545,3449374.93208689,2008-07-26 00:00:41,16
"457",4316189.71243978,3449404.58567991,2008-07-26 06:01:52,16
"458",4316098.11612236,3449434.87505476,2008-07-26 12:00:53,16
"459",4316026.68642986,3449405.88899577,2008-07-26 18:01:45,16
"460",4316529.7420586,3449046.83845425,2008-07-27 00:00:08,16
"461",4316150.86990384,3449487.12122338,2008-07-27 06:00:53,16
"462",4316140.82672276,3449484.26359551,2008-07-27 12:01:18,16
"463",4316180.06548496,3449429.71794154,2008-07-27 18:00:59,16
"464",4316149.85593795,3449274.16985926,2008-07-28 00:00:51,16
"465",4317336.9695934,3449683.32595143,2008-07-28 06:00:44,16
"466",4317345.81935991,3449743.19106391,2008-07-28 12:01:17,16
"467",4317334.51654927,3449651.365849,2008-07-28 18:00:54,16
"468",4316378.67463635,3449044.97348616,2008-07-29 00:00:41,16
"469",4316242.29175963,3449373.84767308,2008-07-29 06:00:54,16
"470",4316263.03856541,3449355.55746019,2008-07-29 12:01:51,16
"471",4316176.92375817,3449419.76393952,2008-07-29 18:01:27,16
"472",4315235.13866255,3444787.79256023,2009-01-09 06:01:18,17
"473",4315213.61802466,3444822.09117169,2009-01-09 12:01:46,17
"474",4315042.09751774,3444788.51784118,2009-01-09 18:01:12,17
"475",4315083.00525883,3444851.93065437,2009-01-10 00:01:43,17
"476",4315205.26394396,3444797.2129129,2009-01-10 06:00:50,17
"477",4315225.25113287,3444795.93091772,2009-01-10 12:01:44,17
"478",4315048.91414408,3444775.42359886,2009-01-10 18:00:53,17
"479",4315065.64658775,3444756.1903014,2009-01-11 00:00:37,17
"480",4315239.70460736,3444827.72200486,2009-01-11 06:00:47,17
"481",4315223.18029021,3444790.96091299,2009-01-11 12:01:42,17
"482",4314797.15578371,3444867.96364499,2009-01-11 18:00:54,17
"483",4314087.52654412,3445826.83455042,2009-01-12 00:02:43,17
"484",4313988.3963638,3446880.07242894,2009-01-12 06:00:50,17
"485",4313992.53808297,3446890.01243551,2009-01-12 12:00:41,17
"486",4313931.55790482,3446821.88368199,2009-01-12 18:00:42,17
"487",4313994.34022092,3446875.98915632,2009-01-13 00:00:23,17
"488",4313982.94752054,3446919.14332652,2009-01-13 06:01:11,17
"489",4314168.7827492,3445772.69589461,2009-01-16 20:00:33,18
"490",4314022.09175139,3446928.58932123,2009-01-17 02:03:08,18
"491",4314036.90896304,3446915.38219824,2009-01-17 12:00:54,19
"492",4314136.24712828,3445806.15002865,2009-01-17 18:00:54,19
"493",4314079.51583911,3445896.93692853,2009-01-18 00:00:29,19
"494",4313036.25379563,3444766.82920237,2009-01-19 00:01:41,20
"495",4313721.43221889,3444837.15105778,2009-01-19 06:01:42,20
"496",4313777.04015659,3444808.37067624,2009-01-19 12:00:54,20
"497",4313735.94605665,3444943.93018176,2009-01-19 18:00:56,20
"498",4314059.79727584,3445917.21215542,2009-01-20 00:00:28,20
"499",4313989.49543815,3446887.05583964,2009-01-20 06:01:48,20
"500",4313999.496155,3446886.91469468,2009-01-20 12:02:19,20
"501",4314185.54752224,3445826.45106121,2009-01-20 18:00:54,20
"502",4314158.50321462,3445823.83319056,2009-01-21 00:00:53,20
"503",4314085.31427886,3445811.86805684,2009-01-21 06:00:44,20
"504",4314082.22921932,3445805.91250866,2009-01-21 12:00:55,20
"505",4311466.84473462,3442716.26245918,2009-01-21 20:00:49,21
"506",4312109.57038761,3444806.89473951,2009-01-22 02:01:50,21
"507",4312064.48287215,3445084.48949835,2009-01-22 12:01:50,22
"508",4313424.36932283,3444838.3426213,2009-01-22 18:03:02,22
"509",4313912.77110205,3445635.33018927,2009-01-23 00:00:56,22
"510",4314026.6818305,3445909.68071138,2009-01-23 06:00:54,22
"511",4314073.77612832,3445774.03667642,2009-01-23 12:01:39,22
"512",4314123.88260201,3445851.31766301,2009-01-23 18:00:53,22
"513",4314007.80788077,3446908.79399914,2009-01-24 00:01:09,22
"514",4313976.3813603,3446879.24215559,2009-01-24 06:00:36,22
"515",4313976.60765187,3446895.23649901,2009-01-24 12:01:11,22
"516",4313428.59493297,3446127.08847026,2009-01-24 18:00:53,22
"517",4314118.26618423,3445666.42511085,2009-01-25 00:00:53,22
"518",4314042.01430204,3445791.48231693,2009-01-25 06:00:41,22
"519",4314084.56477129,3445758.88670854,2009-01-25 12:00:54,22
"520",4313923.90309682,3445715.16094693,2009-01-25 18:00:48,22
"521",4314275.31130429,3446020.15441064,2009-01-26 00:00:41,22
"522",4314057.5993134,3446893.09356872,2009-01-26 06:02:18,22
"523",4314029.89431795,3446914.48135499,2009-01-26 12:00:55,22
"524",4313908.39471705,3446952.19058697,2009-01-26 18:01:24,22
"525",4314021.95031784,3446918.59285788,2009-01-27 00:00:54,22
"526",4313973.57915023,3446893.27954933,2009-01-27 06:01:11,22
"527",4313978.80580082,3446909.20332026,2009-01-27 12:00:55,22
"528",4314216.21642399,3445661.04338974,2009-01-27 18:00:47,22
"529",4314195.28966612,3445737.32714377,2009-01-28 00:02:14,22
"530",4314119.24994057,3445877.37907647,2009-01-28 06:01:24,22
"531",4314095.50897165,3445754.73286958,2009-01-28 12:01:12,22
"532",4314284.2251391,3445731.07275718,2009-01-28 18:00:43,22
"533",4314083.27570808,3445879.88646003,2009-01-29 00:01:51,22
"534",4314086.93658487,3445855.83845546,2009-01-29 06:00:53,22
"535",4314089.46612859,3445751.81860516,2009-01-29 12:00:53,22
"536",4314406.65996822,3445547.37253871,2009-01-29 18:00:44,22
"537",4314731.7086352,3445261.82758921,2009-01-30 00:02:02,22
"538",4313947.56100627,3446114.76615736,2009-02-13 00:02:23,23
"539",4314088.31448827,3445811.8257167,2009-02-13 06:02:21,23
"540",4314080.18266969,3445731.95266156,2009-02-13 12:01:51,23
"541",4313992.27552185,3445740.19214545,2009-02-13 18:00:55,23
"542",4314110.07750123,3446077.47798646,2009-02-14 00:01:36,23
"543",4313377.4805197,3445907.84304117,2009-02-14 06:02:24,23
"544",4313421.83323772,3445861.22423157,2009-02-14 12:02:17,23
"545",4312691.06388184,3445891.5305136,2009-02-14 18:01:48,23
"546",4312557.89769856,3445599.45299868,2009-02-15 00:02:48,23
"547",4311494.15180285,3444364.63824891,2009-02-15 06:01:48,23
"548",4311498.33584491,3444377.57735973,2009-02-15 12:02:49,23
"549",4311859.00814305,3443498.62018894,2009-02-15 18:03:04,23
"550",4311829.68085443,3443758.99576162,2009-02-16 00:02:57,23
"551",4311728.64543306,3444041.3791583,2009-02-16 06:01:05,23
"552",4311760.91977662,3444130.91096639,2009-02-16 12:01:12,23
"553",4313835.19084459,3444393.612345,2009-02-16 20:00:53,24
"554",4313609.29894393,3444334.80862782,2009-02-17 02:01:23,24
"555",4313563.66718505,3444432.43790303,2009-02-17 08:08:33,24
"556",4313590.10726118,3444463.06025244,2009-02-17 14:10:23,24
"557",4313562.48991808,3444278.477511,2009-02-17 20:12:10,24
"558",4313308.79642106,3443739.13697973,2009-02-18 02:13:53,24
"559",4313322.27859184,3444055.89979872,2009-02-18 08:15:11,24
"560",4313295.28719184,3443986.29093306,2009-02-18 14:17:34,24
"561",4311850.89799248,3443561.72535488,2009-02-18 20:18:41,24
"562",4310153.00126362,3443530.66386288,2009-02-19 02:19:25,24
"563",4310006.08966624,3443539.73281111,2009-02-19 08:21:11,24
"564",4309947.20936265,3443478.57125294,2009-02-19 14:22:23,24
"565",4309967.51962739,3443146.33245549,2009-02-19 20:22:56,24
"566",4310080.91132582,3443525.68046475,2009-02-20 02:23:26,24
"567",4310058.13906159,3443612.98886393,2009-02-20 08:24:23,24
"568",4310054.89104671,3443737.01685535,2009-02-20 14:25:24,24
"569",4309755.03573465,3443682.25001212,2009-02-20 20:25:55,24
"570",4310018.8123378,3443307.58670446,2009-02-21 02:27:23,24
"571",4310092.13821897,3443541.51998973,2009-02-21 08:28:41,24
"572",4310088.78471351,3443516.57081864,2009-02-21 14:30:41,24
"573",4309816.47423221,3443004.48089061,2009-02-21 20:31:25,24
"574",4310040.56930644,3443502.25230355,2009-02-22 02:33:21,24
"575",4309953.32284317,3443486.48397663,2009-02-22 08:35:22,24
"576",4309942.73186427,3443515.62904956,2009-02-22 14:37:12,24
"577",4309921.79897214,3443166.97374832,2009-02-22 20:37:49,24
"578",4309722.52591172,3443363.75351992,2009-02-23 02:38:26,24
"579",4310120.47938315,3443565.117228,2009-02-23 08:39:32,24
"580",4310130.26056885,3443690.96134798,2009-02-23 14:41:50,24
"581",4314342.11602568,3445722.25694194,2009-02-23 20:43:11,24
"582",4313996.84328766,3446063.07846002,2009-02-24 02:43:50,24
"583",4313371.18313987,3445886.93507257,2009-02-24 08:45:44,24
"584",4313368.84362287,3445862.97171567,2009-02-24 14:47:46,24
"585",4313576.28249713,3445890.04031019,2009-02-24 20:48:25,24
"586",4313441.63828246,3446129.90397708,2009-02-25 02:49:12,24
"587",4313368.85776348,3445863.97136473,2009-02-25 08:50:19,24
"588",4313362.82905686,3445862.05672632,2009-02-25 14:54:10,24
"589",4313357.48068668,3446191.08228533,2009-02-25 20:54:55,24
"590",4313088.08984984,3446097.89773918,2009-02-26 02:56:52,24
"591",4312839.76871517,3446221.38274961,2009-02-26 08:58:39,24
"592",4312827.71128734,3446217.55344698,2009-02-26 15:00:53,24
"593",4313350.58150801,3445986.21073952,2009-02-26 21:03:24,24
"594",4313439.24452306,3445889.97417605,2009-02-27 03:04:48,24
"595",4313373.05601589,3445877.91001135,2009-02-27 09:06:27,24
"596",4313373.71671183,3445853.90432424,2009-02-27 15:08:11,24
"597",4312928.62992104,3445361.25861458,2009-02-27 21:09:12,24
"598",4313416.88553192,3445794.30418671,2009-02-28 03:10:17,24
"599",4313026.75246959,3445933.78801864,2009-02-28 09:11:54,24
"600",4313009.05838919,3445885.0450338,2009-02-28 15:12:54,24
"601",4312557.92976914,3445672.4416027,2009-02-28 21:13:54,24
"602",4312312.77077297,3445665.90085851,2009-03-01 03:14:47,24
"603",4312343.25649732,3445487.49751297,2009-03-01 09:16:10,24
"604",4312343.17166723,3445481.49960557,2009-03-01 15:17:17,24
"605",4313435.36758627,3445828.03827145,2009-03-01 21:19:12,24
"606",4313065.9133161,3445732.26589803,2009-03-02 03:20:14,24
"607",4312862.72272949,3445864.11284147,2009-03-02 09:21:51,24
"608",4312847.80649395,3445870.32235268,2009-03-02 15:23:24,24
"609",4313082.48926693,3446196.96175631,2009-03-02 21:23:56,24
"610",4313049.80583451,3446361.39798567,2009-03-03 03:24:26,24
"611",4313335.14993176,3446097.41162896,2009-03-03 09:26:14,24
"612",4313339.10779426,3446094.35624217,2009-03-03 15:26:56,24
"613",4313733.04695699,3446011.80944131,2009-03-03 21:27:47,24
"614",4313561.32988439,3444974.38963759,2009-03-04 03:28:26,24
"615",4312105.74027173,3445101.90503062,2009-03-04 09:29:24,24
"616",4312099.90949162,3445113.98547355,2009-03-04 15:30:11,24
"617",4313505.46357473,3444914.1869892,2009-03-04 21:30:56,24
"618",4313767.18471347,3444889.49754732,2009-03-05 04:01:03,25
"619",4313812.43846836,3444835.86701009,2009-03-05 12:00:53,26
"620",4313577.09061921,3444957.1698299,2009-03-05 18:00:52,26
"621",4313355.49675004,3445202.25976666,2009-03-06 00:05:43,26
"622",4312099.90949162,3445113.98547355,2009-03-06 06:06:27,26
"623",4312100.00845324,3445120.98303889,2009-03-06 12:09:19,26
"624",4313064.64206331,3445925.2547003,2009-03-06 18:10:56,26
"625",4313404.8356799,3445154.57075801,2009-03-07 00:11:55,26
"626",4312042.49911352,3445156.78881897,2009-03-07 06:13:52,26
"627",4312033.80949092,3445178.90809013,2009-03-07 12:15:40,26
"628",4310893.42016864,3444112.14428688,2009-03-07 18:18:26,26
"629",4312092.72520608,3445101.08871379,2009-03-08 00:19:13,26
"630",4312068.9350371,3444833.4639026,2009-03-08 06:22:19,26
"631",4312090.99314677,3444837.15226379,2009-03-08 12:24:21,26
"632",4313597.34267693,3444903.89206454,2009-03-09 00:28:18,27
"633",4313731.33392923,3444830.01240446,2009-03-09 06:29:17,27
"634",4313753.05264896,3444809.70897515,2009-03-09 12:30:53,27
"635",4313391.07124154,3445100.77306481,2009-03-09 18:31:25,27
"636",4313070.10128809,3445816.19414447,2009-03-10 00:33:46,27
"637",4312028.70649539,3445100.9916237,2009-03-10 06:35:11,27
"638",4312049.75408715,3445174.6838406,2009-03-10 12:37:21,27
"639",4312443.81883481,3445596.06275731,2009-03-10 18:39:18,27
"640",4313533.12234637,3444818.81102934,2009-03-11 06:43:47,28
"641",4313687.34121243,3444760.64361968,2009-03-11 12:44:55,28
"642",4313143.68258964,3445007.27760882,2009-03-11 18:46:25,28
"643",4313309.11849275,3443974.0976097,2009-03-12 06:50:23,29
"644",4312629.59473618,3443737.71807612,2009-03-12 12:50:55,29
"645",4313325.85411786,3443742.89577673,2009-03-12 18:51:42,29
"646",4313269.76184977,3443666.69838153,2009-03-13 00:53:24,29
"647",4313290.10306445,3443973.36598878,2009-03-13 06:54:26,29
"648",4313297.17422761,3443978.26550165,2009-03-13 12:55:54,29
"649",4313331.91159819,3445090.60933217,2009-03-13 18:56:23,29
"650",4313799.61496892,3444990.02475838,2009-03-14 00:57:13,29
"651",4313811.11318701,3444812.88916949,2009-03-14 06:57:55,29
"652",4313809.48713604,3444697.92940034,2009-03-14 12:58:53,29
"653",4314010.41348184,3444901.06329997,2009-03-14 18:59:26,29
"654",4313537.62132069,3444924.73164391,2009-03-15 01:00:11,29
"655",4311968.4655388,3445155.83308796,2009-03-15 07:01:23,29
"656",4312055.9100281,3445185.59539873,2009-03-15 13:02:38,29
"657",4313361.21054601,3445111.19283486,2009-03-15 19:03:19,29
"658",4313721.56852228,3445271.08374358,2009-03-16 01:03:55,29
"659",4313272.58782023,3444644.51317478,2009-03-16 07:04:43,29
"660",4313272.08260056,3444679.51507256,2009-03-16 13:05:26,29
"661",4313429.84772417,3445084.2284077,2009-03-16 19:06:24,29
"662",4313553.45658645,3444983.4993662,2009-03-17 01:06:56,29
"663",4312057.37242818,3444864.62236195,2009-03-17 07:08:16,29
"664",4312053.79678568,3445177.62638671,2009-03-17 13:08:56,29
"665",4313134.55163292,3443866.57626151,2009-03-17 19:11:18,29
"666",4313671.76506616,3444012.97524777,2009-03-18 01:12:53,29
"667",4312659.25945201,3444845.13580519,2009-03-18 07:14:19,29
"668",4312661.57062566,3444867.09993381,2009-03-18 13:15:54,29
"669",4313325.71322966,3445076.69887879,2009-03-18 19:16:41,29
"670",4313610.18043564,3445528.61671236,2009-03-19 01:17:26,29
"671",4312105.12190957,3445128.90974244,2009-03-19 07:18:55,29
"672",4312094.43583553,3445222.04662156,2009-03-19 13:21:42,29
"673",4313599.27595418,3444969.85486803,2009-03-20 01:25:25,30
"674",4312668.38732488,3444854.00572525,2009-03-20 07:26:26,30
"675",4312855.62290606,3444796.37304325,2009-03-20 13:28:19,30
"676",4313219.99880132,3443684.39778943,2009-03-20 19:30:19,30
"677",4313165.40505117,3443714.1635509,2009-03-21 01:32:17,30
"678",4312944.33080254,3444208.20908068,2009-03-21 07:33:11,30
"679",4312054.86386411,3445111.62113527,2009-03-21 13:34:11,30
"680",4311066.13175483,3445149.55785842,2009-03-21 20:01:27,31
"681",4311240.19761375,3445363.0721714,2009-03-22 02:00:46,31
"682",4312015.24270937,3445139.17584453,2009-03-22 12:01:17,32
"683",4311949.41810057,3445082.11264741,2009-03-22 18:01:11,32
"684",4312876.19163201,3446179.87513371,2009-03-23 00:02:01,32
"685",4312570.70941783,3446010.21056267,2009-03-23 06:00:54,32
"686",4312013.6661732,3444886.23556027,2009-03-23 12:02:40,32
"687",4311961.21668414,3444431.04241779,2009-03-23 18:01:40,32
"688",4313061.72423761,3446143.26288887,2009-03-24 00:02:45,32
"689",4312659.99863568,3446028.94808038,2009-03-24 06:00:38,32
"690",4312543.15985942,3446042.59433891,2009-03-24 12:01:50,32
"691",4312746.71825844,3445936.73853346,2009-03-24 18:02:14,32
"692",4313530.91129994,3445086.80196015,2009-03-25 00:00:56,32
"693",4313288.73031057,3444654.28396162,2009-03-25 06:01:11,32
"694",4313291.63154773,3444647.24408016,2009-03-25 12:01:17,32
"695",4313594.23318984,3444966.92646647,2009-03-25 18:00:43,32
"696",4313964.51958035,3444838.72038715,2009-03-26 00:01:26,32
"697",4313826.62324535,3444848.66491078,2009-03-26 06:00:28,32
"698",4312086.65357736,3444813.21700861,2009-03-26 12:01:26,32
"699",4312104.1915728,3444568.00590693,2009-03-26 18:02:35,32
"700",4312614.37863619,3445561.66189396,2009-03-27 00:00:54,32
"701",4312134.10564193,3444773.55364114,2009-03-27 06:00:54,32
"702",4311996.25499523,3444857.48536404,2009-03-27 12:01:19,32
"703",4312035.38100036,3444511.98459758,2009-03-27 18:01:41,32
"704",4312649.12190578,3445189.22750533,2009-03-28 00:00:36,32
"705",4312173.18274521,3444848.99134128,2009-03-28 06:00:56,32
"706",4312130.61428738,3444809.59754695,2009-03-28 12:01:12,32
"707",4312523.21861416,3445057.02324521,2009-03-28 18:02:21,32
"708",4312768.66005956,3445083.55698391,2009-03-29 00:01:18,32
"709",4312055.74037929,3445173.59957283,2009-03-29 06:01:27,32
"710",4312123.47294662,3445082.65778854,2009-03-29 18:00:56,33
"711",4312778.4769648,3445070.42045832,2009-03-30 00:01:17,33
"712",4313733.9279299,3444871.96948947,2009-03-30 06:00:57,33
"713",4313759.44896962,3444837.61451701,2009-03-30 12:01:12,33
"714",4313374.10378158,3444679.07570351,2009-03-30 18:01:39,33
"715",4313652.68324202,3445139.07575023,2009-03-31 00:00:25,33
"716",4312088.65371927,3444813.18880409,2009-03-31 06:00:48,33
"717",4312050.35779368,3444863.72142443,2009-03-31 12:02:18,33
"718",4312223.18262551,3444777.29676904,2009-03-31 18:01:17,33
"719",4312777.32137208,3445059.43840054,2009-04-01 00:00:47,33
"720",4312054.72617032,3445172.61402327,2009-04-01 06:00:55,33
"721",4312019.70952672,3445172.10795932,2009-04-01 12:01:52,33
"722",4312174.96836461,3445328.89487701,2009-04-01 18:02:20,33
"723",4312732.04771982,3445536.0057543,2009-04-02 00:00:41,33
"724",4312094.50283353,3445156.05548114,2009-04-02 06:01:55,33
"725",4312095.96575536,3445118.04049328,2009-04-02 12:01:41,33
"726",4312205.18929723,3445202.48743947,2009-04-02 18:02:10,33
"727",4313723.19582625,3444891.1180544,2009-04-03 00:00:49,33
"728",4312834.0313727,3444825.67326853,2009-04-03 06:01:22,33
"729",4312845.26875577,3444771.52281251,2009-04-03 12:01:39,33
"730",4313029.2608275,3444908.90663829,2009-04-03 18:01:17,33
"731",4312295.49431947,3445788.1262557,2009-04-04 00:02:31,33
"732",4312037.55162924,3445089.86852655,2009-04-04 06:01:31,33
"733",4312099.19216785,3445133.99261994,2009-04-04 12:01:23,33
"734",4311964.17840063,3444781.94890139,2009-04-04 18:01:19,33
"735",4312803.36937952,3445133.0599363,2009-04-05 00:00:44,33
"736",4312654.25538811,3444774.21694425,2009-04-05 06:01:34,33
"737",4312658.17455471,3444839.15199951,2009-04-05 12:00:56,33
"738",4312606.98047688,3444967.8549871,2009-04-05 18:02:14,33
"739",4313200.23412059,3444974.4846421,2009-04-06 02:00:53,34
"740",4312109.99503016,3445119.84235894,2009-04-06 12:01:23,35
"741",4312186.18793985,3445202.75540279,2009-04-06 18:02:22,35
"742",4313174.97787807,3444956.84362291,2009-04-07 00:01:14,35
"743",4312840.35323469,3444777.59125149,2009-04-07 06:01:01,35
"744",4312652.19869697,3444770.24654647,2009-04-07 12:01:11,35
"745",4312835.48012765,3444786.65864522,2009-04-07 18:00:53,35
"746",4312692.93461224,3445316.59040751,2009-04-08 00:01:11,35
"747",4312076.1198371,3445129.31872129,2009-04-08 06:01:08,35
"748",4312075.64596694,3444954.35135498,2009-04-08 12:01:52,35
"749",4312201.55964545,3445016.56626171,2009-04-08 18:01:53,35
"750",4312433.11031362,3445263.26354467,2009-04-09 00:01:16,35
"751",4312004.29797484,3444860.37150712,2009-04-09 06:01:27,35
"752",4312016.98105171,3444979.17504953,2009-04-09 12:01:52,35
"753",4312076.70625229,3445029.32528725,2009-04-09 18:01:47,35
"754",4313156.73626332,3444940.10349656,2009-04-10 00:01:12,35
"755",4312086.85201357,3445110.17019991,2009-04-10 06:01:08,35
"756",4312097.99417298,3445120.01159219,2009-04-10 12:01:24,35
"757",4312119.83347793,3445249.68430351,2009-04-10 18:01:50,35
"758",4312667.18175825,3445758.88738516,2009-04-11 00:00:54,35
"759",4312637.47772609,3446063.2606305,2009-04-11 06:01:36,35
"760",4312717.6262595,3446355.0858095,2009-04-11 12:01:24,35
"761",4312635.39018322,3446269.25899982,2009-04-11 18:00:55,35
"762",4313752.5432511,3446046.52900033,2009-04-12 00:00:29,35
"763",4314145.72857731,3445840.01103544,2009-04-12 06:00:53,35
"764",4314157.85669119,3445848.83850145,2009-04-12 12:00:55,35
"765",4314149.92684234,3445853.94965091,2009-04-12 18:00:53,35
"766",4313862.47632045,3445968.98927467,2009-04-13 00:01:18,35
"767",4314122.07062852,3446925.17853556,2009-04-13 06:00:27,35
"768",4314008.10078898,3446858.79756354,2009-04-13 12:00:55,35
"769",4313992.38250728,3446879.01632463,2009-04-13 18:00:54,35
"770",4314071.72128057,3446053.02311924,2009-04-14 00:00:53,35
"771",4313390.49558275,3445908.65925874,2009-04-14 06:00:57,35
"772",4313398.76090521,3445856.55052034,2009-04-14 12:01:22,35
"773",4313425.79502144,3445929.1580274,2009-04-14 18:00:48,35
"774",4314159.87097259,3445849.80992174,2009-04-15 00:00:55,35
"775",4314134.92579542,3445854.1613566,2009-04-15 06:01:24,35
"776",4314083.94652557,3445785.89132064,2009-04-15 12:00:56,35
"777",4314157.67284699,3445835.84307906,2009-04-15 18:00:54,35
"778",4314376.23373408,3446507.6549324,2009-04-16 00:00:48,35
"779",4313990.58036934,3446893.03960378,2009-04-16 06:00:56,35
"780",4314070.557814,3446889.91113681,2009-04-16 12:02:09,35
"781",4314017.07724945,3446927.66024829,2009-04-16 18:00:55,35
"782",4313933.62876342,3446826.85368695,2009-04-17 00:00:51,35
"783",4314039.59802427,3446893.34763455,2009-04-17 06:01:23,35
"784",4314021.15829293,3446862.61266011,2009-04-17 12:01:23,35
"785",4313996.32622101,3446874.9612809,2009-04-17 18:01:54,35
"786",4313626.15088508,3445738.35957102,2009-04-18 00:00:54,35
"787",4312101.88135973,3445111.95796366,2009-04-18 06:00:42,35
"788",4312052.74016453,3445173.64188065,2009-04-18 12:00:53,35
"789",4312130.73530228,3445242.53160631,2009-04-18 18:01:44,35
"790",4312701.76391033,3445799.3934231,2009-04-19 00:00:54,35
"791",4312612.98239606,3446311.56873904,2009-04-19 06:00:54,35
"792",4312708.72070172,3446291.22111292,2009-04-19 12:02:17,35
"793",4312709.15904911,3446322.21024269,2009-04-19 18:00:49,35
"794",4313623.55844792,3445979.3595681,2009-04-20 00:00:23,35
"795",4314085.87994795,3445851.85397704,2009-04-20 06:01:40,35
"796",4314099.21626403,3445804.67293298,2009-04-20 12:01:18,35
"797",4314157.94154244,3445854.83638862,2009-04-20 18:01:18,35
"798",4314134.85298092,3446061.13077721,2009-04-21 00:00:48,35
"799",4314088.73873999,3445841.81515696,2009-04-21 06:00:54,35
"800",4314085.30413153,3445881.85752894,2009-04-21 12:02:24,35
"801",4314089.72466809,3445840.80139553,2009-04-21 18:01:17,35
"802",4313859.98742695,3445793.05117884,2009-04-22 00:01:03,35
"803",4314075.39843082,3445818.00707862,2009-04-22 06:00:53,35
"804",4314057.70430401,3445769.26424727,2009-04-22 12:00:49,35
"805",4314095.34725614,3445884.71533766,2009-04-22 18:00:50,35
"806",4313525.69526137,3445778.77107162,2009-04-23 00:00:42,35
"807",4313397.32639066,3445896.56470024,2009-04-23 06:01:24,35
"808",4313359.3339243,3445827.11133755,2009-04-23 12:01:24,35
"809",4313372.95703144,3445870.91246812,2009-04-23 18:00:56,35
"810",4314211.07865188,3445722.10660272,2009-04-24 00:00:51,35
"811",4314092.82386994,3445847.75659101,2009-04-24 06:00:53,35
"812",4314135.37034171,3445744.17185148,2009-04-24 12:01:18,35
"813",4314171.37684428,3445814.6528804,2009-04-24 18:01:17,35
"814",4314261.95683845,3445995.34671386,2009-04-25 00:00:33,35
"815",4313360.63094686,3445848.08985903,2009-04-25 06:01:42,35
"816",4313003.32219008,3444772.29298036,2009-04-25 12:01:23,35
"817",4312835.03144266,3444825.65916264,2009-04-25 18:00:54,35
"818",4313005.64844272,3445078.21443945,2009-04-26 00:00:53,35
"819",4313029.39844855,3444847.91381024,2009-04-26 06:00:57,35
"820",4312059.78307781,3445176.54211881,2009-04-26 12:01:23,35
"821",4312051.51757984,3445228.65095301,2009-04-26 18:02:19,35
"822",4311313.99821108,3445489.01295141,2009-04-27 00:00:54,35
"823",4311831.0384458,3444986.79623004,2009-04-27 06:01:19,35
"824",4311837.07765195,3444918.7211271,2009-04-27 12:02:24,35
"825",4311702.28003797,3444935.61954072,2009-04-27 18:01:52,35
"826",4311535.25100604,3445431.9015172,2009-04-28 00:00:21,35
